Question,Rephrased Question
Is there any makeups on home work?,Can homework be resubmitted or compensated for?
What sort of help can I get if I am having trouble with the material?,What types of assistance are available if I'm struggling with the course content?
What is the proposed area of instruction?,What are the suggested subjects for teaching?
What are the assignments?,Which tasks are required to be completed?
What is the importance of Mid-terms in this class?,Why are midterm exams significant in this course?
How many areas will I be graded on in this class?,What are the different components upon which my performance will be assessed in this class?
What is the required reading?,Which books and articles must be read for the course?
What are the required readings for the course?,What are the mandatory texts for this class?
What are the learning formats in this class?,What types of learning opportunities are available in this course?
Are the exams open book or closed book?,Are the exams available for use with or without reference materials?
"In order to succeed in this course, what are some key skills we need to master?",What essential abilities should we hone to excel in this class?
Are candidates permitted to serve as substitute teachers?,Can candidates act as temporary instructors?
What are some of the key points of this class?,What are the main topics covered in this course?
What are the points for the final? ,What is the total point value for the final exam?
Can you give me details on the homework for this class? ,What are the specifics regarding the assignments for this course?
What are some additional readings I can look into for this course?,What supplementary materials can I explore for this course?
What formats are used in this course?,Which instructional methods are utilized in this course?
Should we be doing any supplemental reading?,Are we required to read any additional materials?
How are religious observances treated as far as absences?,How does UMass handle student absences due to religious observances?
Will this class satisfy a gen ed requirement?,Is this course eligible to meet a general education requirement?
What is the nature of the homework for this course?,What type of assignments does this course involve?
Can you help me figure out what the homework will look like?,Could you assist me in understanding the format of the homework assignments?
What resources are available to me to succeed in this class? ,What tools or strategies can I utilize to excel in this course?
How much is the final exam worth?,What percentage does the final exam contribute to the overall grade?
What if I did bad in Compsci 311? ,Suppose my performance in Compsci 311 was poor; should I still enroll in this course?
Does this class meet on Tuesdays and Thursdays?,Do our sessions occur on Tuesdays and Thursdays?
Where do we find the course's online and offline access?,What is the method for accessing the course both digitally and in physical format?
What are the subtopics assumed to be covered in Math methods?,What subjects are presumed to be included in the Math methods course?
What is needed to do well in the class?,What should be prioritized to succeed in the course?
How can I get answers to questions I have about the class and content?,What is the method to find solutions to my inquiries about the class and its subject matter?
Can I fail the course if I miss one assignment? ,"
Would missing a single assignment result in failing the class?"
Will what I learn in this course help me with real world situations?,Will the content of this course be applicable in everyday scenarios?
"What is the availability of student hours with the professor or graduate assistant, and where will they be held?","When can students meet with the professor or graduate assistant, and what are the locations for those meetings?"
What does this course cover?,What topics are included in this course?
What do I do if I require special accommodations for exams?,"If I need specific arrangements for my exams, what steps should I take?"
What can I expect to learn from taking this course?,What topics will I cover during this course?
Will there be an opportunity for review before the exams?,Is there a chance to go over the material prior to the exams?
What work will be dropped and not counted towards the final grade?,Which assignments and class attendances are excluded from the final grade tally?
When is the last date to drop course with no record?,What is the deadline for withdrawing from a course without it appearing on your record?
When is my paper proposal due and how much is it worth?,"What is the deadline for my paper proposal, and what percentage of my grade does it count for?"
What is the Grade Scale for the Class?,How are grades assigned in this course?
How many points is the midterm worth?,What is the total score of the midterm exam?
What is the schedule and location of the course?,What are the times and places for the course lectures and exercises?
Whether the class attendance is mandatory?,Is it required to attend class sessions?
Is there a prerequisite?,Are there any requirements that need to be fulfilled beforehand?
What are the most important parts to remember from this course?,Which elements from this course should be prioritized for remembrance?
How many exams will there be and how much are each of them worth?,What is the total number of exams and their respective weightage?
Do I need to come to class in person?,Is attendance in person necessary for the class?
What is the exam schedule going to be like?,When will the exams be held?
Is there a physical office where I can meet with the instructor?,Can I visit a location for a face-to-face meeting with the instructor?
When am I not allowed to work with classmates?,When is it prohibited to collaborate with classmates?
What group assignment do students have?,What project tasks are assigned to student groups?
What do I need to know to be successful at taking the exams?,What should I be aware of in order to excel in the exams?
What are two Course Intended Learning Outcomes (CILOs)?,What are two learning goals of a course?
Are the lectures for this course in person?,Are the class sessions for this course conducted face-to-face?
Will we have an opportunity to do extra credit?,Is there a chance to earn extra credit this semester?
How many units is this course worth?,What is the credit value of this course?
Can we turn in homework late?,Is it possible to submit homework after the deadline?
What will the midterms consist of?,What topics will be covered in the midterms?
What are the rules for being late with assignments?,What policies are in place for submitting assignments past the deadline?
What can I get an extension for? ,What types of things are eligible for an extension?
Will there be homework for this class?,Is homework assigned in this class?
I'm going to miss some classes because I'm sick what should I do?,How should I handle missing classes due to illness?
Will there be makeups on homework?,Can homework be made up later?
What if I end up missing classes or coursework?,What should I do if I am unable to attend classes or complete coursework?
What is the name of the class and when can I take it?,What is the class titled and during which period is it available?
What is required to get all of the points for the forum?,What do I need to do to earn the maximum score in the forum?
What is the best way to contact the professor?,Could you tell me the most effective method to reach the professor?
Can you summarize the accommodation statement for this class?,Could you provide a brief overview of the accommodation policy for this course?
What are the exams like for this class?,How is the exam structure organized for this course?
What materials do I need for class?,What items should I bring for the class?
Can I work with others on my assignments? ,"
Is collaboration allowed on assignments?"
How does the homework and class work project will be given?,In what manner will assignments for homework and class projects be distributed?
Is attendance mandatory?,Is it necessary to attend?
Will there be a midterm exam?,Is a midterm test scheduled?
Can you summarize the grading schedule for this class?,What is the grading breakdown for this course?
What different ways can this class be attended?,How can one participate in this class?
What penalties towards my grade are there for the course?,What factors could negatively impact my grade in the course?
What's the format of this class going to be like?,How is this class structured?
"Is this an intro class, can I just sign up?",Can I enroll in this introductory class right away?
I will be out of town on the date of the first midterm. Can I make it up?,Will I be allowed to take the first midterm on a different day if I won't be in town?
Which textbooks will be used in the class?,What are the textbook options for this course?
What does the final score look like with all assignments and exams factored in?,How is the final grade composed once assignments and exams are included?
Does this course require any special math knowledge?,Is prior mathematical knowledge necessary for this course?
What are some of the course-intended learning outcomes?,What are some of the learning objectives designed for this course?
What are the administrative details of the homework assignments?,Could you provide the specifics relating to the homework assignments?
Is this class available to undergrads?,Is this course accessible to undergraduate students?
What parts of this class are digital?,Which components of this course are provided digitally?
How did the homework assignments can be made?,In what format can the homework assignments be completed?
Is there a required text for this course?,Does this course have a mandatory textbook?
What is the format of this class and what will we be covering?,How is this class structured and what topics will we explore?
Are all of the homework problem sets worth the same amount of points?,Are all the homework assignments assigned an equal number of points?
What is the deadline for our homework? ,When must we submit our homework?
Are there prerequisites for this class?,Are there any requirements needed before enrolling in this course?
"As a result of completing this course, what are some of the learning outcomes students should be able to accomplish?",What are the key competencies and skills students should develop upon completing this course?
What assignments will I need to complete throughout the course?,What tasks and projects are required for completion during this course?
Is this course cumulative over the whole semester? ,Is the entire semester's content included in this course?
Could I get an overview of the class's academic honesty policies?,Could you provide a summary of the academic integrity rules for the class?
"The professor is rude to me, is there anything I can do? ",Could you suggest steps to take if the professor is being disrespectful toward me?
"If the student have document disability, then will they provide any academic accomodation?",Could students with verified disabilities receive academic accommodations?
Can I skip some of the homework,Are there certain parts of the homework I can avoid doing?
What are some topics to be covered in the first half of the class - as written in the course outline?,"What subjects are outlined for discussion in the first half of the course, according to the course syllabus?"
Do we have midterms in this course?,"
Is this course going to include midterm exams?"
What types of mediums will we be using to learn from?,Which learning mediums will we utilize for the course?
Are there any prerequisite courses to enroll in this course? ,Must I complete any prior courses before registering for this course?
How do I make an appointment with the professor?,How can I schedule a meeting with the professor?
Does the class meet more than once a week?,"
Does the class have multiple sessions per week?"
Will you please tell me a bit about who will be teaching the course and what resources will be available?,Could you provide some details on the instructors for the course and the resources that will be accessible during it?
What are the materials required for the course?,Which resources are necessary for participation in the course?
What are the details about the group projects in the course?,What is the information regarding the group assignments in the course?
How many exams do we have to take?,How many tests are required to be taken?
Is it mandatory to attend class?,Do I have to go to class?
How is homework graded in this class?,"In this class, what criteria are used to evaluate homework assignments?"
What topics will be covered in this class?,What subjects will this class delve into?
Can you tell me about how much reading I will have to do for the class?,How extensive will the reading assignments be for this course?
What are the preresiquite Math classes needed for this class?,Which Math courses are required before enrolling in this class?
When and how will classes be held?,"When are classes scheduled, and what are the options for attending them?"
I missed an assignment. Can I get extra credit to make up for it?,"
Could I receive additional credit to compensate for a missed assignment?"
What are the instructor help hours?,When is the instructor available for help?
How will the topic for my class project be chosen and what does the project consist of?,"What is the process for selecting a topic for my project, and what are the requirements for the project?"
Which software programs will I learn how to use in this class?,What software will be taught in this course?
Is the final exam comprehensive? ,Is the final exam going to cover all the topics from the course?
What are the points for the midterm? ,How many points is the midterm worth?
What are all the prerequisites that you need before you take this class?,What requirements must be fulfilled before enrolling in this class?
Can you give me details on homework assignments?,Could you provide information about the homework tasks?
Summarize about the course description?,What is the overview of the course content?
What are three topics covered in this class?,Could you list the three subjects that this course covers?
How are grades broken down in this course?,In what way are the grades distributed for this course?
What is Expected out of the student at the end of the course?,What are the student expectations upon course completion?
What are the additional reading materials for this course?,What supplementary texts are recommended for this course?
How will the exams be structured?,What is the format of the exams?
"Can we work with our classmates on the homework assignments and if we do, will that affect our grade?","Is collaborating with peers allowed on homework assignments, and would it have any impact on our grades?"
"I think someone had answers to a test, is this a problem and who should I talk to?","
Is it an issue if someone has the answers to a test, and whom should I inform?"
Is there a penalty to missing to many classes,Are there consequences for skipping too many classes?
Will the course meetings be in a seminar style of instruction?,Are the class sessions going to be conducted in a seminar format?
What do I need to do the homework?,What are the requirements to complete the homework?
Are we allowed to use AI in order to help us with this class?,May we utilize AI resources to assist us with this coursework?
"Can we publish any class materials on the internet?

",Is it permissible to upload class materials online?
What is the instructor's policy on late homework?,What rules does the instructor have regarding submitting homework past the deadline?
How is homework grading determined?,What criteria are used to evaluate homework assignments?
What are the required materials for this course?,What materials are necessary for this class?
How often is this class held?,When does this class take place each week?
Is there a required textbook for this course?,Is a textbook necessary for this class?
How is attendance measured?,How is student attendance tracked?
Will I be able to take this class in the fall?,Am I allowed to enroll in this class during the autumn semester?
What do I do if I am sick at the time of the exam?,What should I do if I fall ill during the exam period?
What are the Intended learning outcomes of the course?,How does the course define its intended learning goals for students?
Will the excersise sessions be through zoom?,Will the workout classes be conducted via Zoom?
Can I retake an exam if I miss it?,Is it possible to resit an exam if I fail to attend?
What are the sections required in the reform paper?,What topics must be covered in a reform paper?
Can you tell me about the clicker?,What is the purpose and usage of the clicker in class?
Will I be able to code when this is over?,Can I code once this is finished?
Is knowledge of Math 523 a prerequisite for the class?,Is it necessary to have completed Math 523 before joining the class?
Does the professor have a physical office I can meet them in?,Is there a physical location where I can meet the professor?
What does the students expect to do?,What are the anticipated activities for the students?
What education level is this course?,What academic level is this class intended for?
What is this course about?,What are the topics covered in this course?
What does my paper need to have in it?,What should be included in my paper?
Is this course mostly about learning techniques or fundamentals and will I have to do more than take exams and give presentations.,"Will this course focus more on mastering methodologies or grasping fundamental concepts, and is there more involved than just exams and presentations?"
Do we need to be familiar with programming before taking this course?,Is prior programming knowledge necessary for enrolling in this course?
What are the instructor office hours?,When can students access the instructor's office hours?
Is there any extra credit for this course? ,"
Is there additional credit available for this class?"
What are some of the course outcomes I should expect?,What course outcomes can I anticipate?
How should the homework assignments be prepared?,What is the correct way to complete the homework assignments?
"What kind of access does this course give for all students?
",What type of accessibility is offered to students through this course?
What are the requirements for the paper?,What should the paper include?
What is required reading in this course?,What materials must students read for this course?
Are there any prerequisites for this course?,Do you need to fulfill any requirements before enrolling in this course?
How do I get accommodations for this course?,What is the process to receive accommodations for this class?
What is the status of honesty?,What is the requirement for honesty?
What are the topics covered in the course?,Which subjects are included in the course curriculum?
What happens if I have a medical emergency?,"If I experience a medical emergency, what should I do?"
what assignments should be included in the following student teacher seminar?,What tasks need to be incorporated into the upcoming student teacher seminar?
What are the instructor's office hours?,When can I visit the instructor during their office hours?
What is the policy in regards to attendance and assignments for grades?,How does the attendance and assignment submission policy affect grading?
Is there any compulsory reading required for this course?,Is there any mandatory literature to read for this class?
"Is it true that course parts are distributed through online video recordings?
",Could course modules be accessed via online video recordings?
What is the Make-up Exam Policy?,What are the guidelines for taking a make-up exam?
"What prerequisites are required for this class?
",What courses do I need to have completed before enrolling in this class?
What are the teaching and learning activities (TLAs) in the course?,What activities related to teaching and learning are included in the course?
What is TMSIDK's Complete form?,What does TMSIDK stand for?
What is the cutoff to receive a grade of A in this class using the raw score chart?,What raw score threshold is required to earn an A in this class?
Is there a final exam in this course?,Will this course have a concluding examination?
What are the class policies regarding homework completion?,What guidelines are in place for completing homework assignments in class?
Is active participation in discussions during lecture and exercise sessions rewarded in any way?,Are there any incentives for engaging actively in lectures and exercise session discussions?
Will I be required to attend every class?,Is attending all classes compulsory?
How much of our grade is the first Midterm worth? ,What percentage of our overall grade does the first midterm contribute?
Can you explain the course outcomes using computational methods in environmental engineering?,"
What are the learning objectives related to computational techniques in environmental engineering?"
How much homework will there be and how much does it count towards our final grade?,"How frequently will homework be assigned, and what percentage of the final grade does it contribute?"
Could you give me some information on the teaching learning activities for this course?,What details can you provide about the educational activities involved in this course?
What books are required for the class?,Which textbooks are necessary for the course?
Which assignments are large enough that can cause me to fail the class if I get a 0 on them?,Which assignments have the potential to make me fail the class if I receive no points on them?
Do you need prerequisites to take this class?,Are there any prior courses required to enroll in this class?
Is there any textbook required for this course?,Are textbooks necessary for this course?
Are there opportunities for extra credit in this course?,Are there chances to earn extra credit in this class?
What is the location of the class?,Where is the class held?
Is class attendance required?,Are students obligated to attend class?
How many homework assignments will there be?,What is the total number of homework tasks assigned?
Is there a website online I can go to ask questions about the class?,Is there an online platform where I can inquire about the class?
Who will act as the designated replacement if the supervising teacher is not present?,Who steps in to fulfill the supervising teacher's role when they are unavailable?
Is class attendance mandatory?,Is it compulsory to attend classes?
On which course webpage will details about the course and its contents be found?,Where can the course-specific information and materials be accessed online?
How is in-person attendance determined?,How is attendance tracked for students who participate in-person?
How Many Credits is this course?,What is the credit value for this course?
What can I expect from the final exam?,What are the details regarding the final exam?
By the end of the course what does the students will be learned?,What skills and knowledge will students have acquired by the conclusion of the course?
What is the format for the quizzes and how do they factor into my final grade?,How are the quizzes structured and what percentage do they contribute to my overall grade?
What is the policy on electronic devices?,What rules apply to using electronic devices?
What won't be tolerated from students?,What actions from students are considered unacceptable?
Is there a required textbook?,Do we have to purchase a textbook for this course?
What is the passing grade for this course?,What percentage is needed to pass this course?
How many points is the midterm worth?,What's the value of the midterm in terms of points?
What happens if I turn in all my homework at the end of the semester?,What are the consequences of submitting all my homework at the semester's end?
What are the time slots for the exercise sessions?,When are the exercise sessions scheduled?
Where will the information being taught in the course come from?,What are the sources for the course content being taught?
What is the expected level of participation in class sessions?,What level of involvement is anticipated during class sessions?
At which time does the class meets for this course?,What are the class hours for this course?
What are the required materials for this class?,Which materials are necessary for this course?
Do we need to solve the problems involving the basic biochemical units of life?,Is it necessary to address problems related to the fundamental biochemical components of life?
Where are the lectures located?,Which room hosts the lectures?
What happens if I don't attend the lectures?,What are the consequences of skipping the lectures?
What types of assessments are there for this course and how are the assessments weighted?,What are the different types of evaluations for this course and what is their respective weightage?
What are the exams for the course like?,How are the exams structured for this course?
Tell me about exams for this course.,Could you provide information regarding the exams for this class?
How often will homework be assigned and what percentage is it worth of our final grade for this course?,"How frequently will we receive homework assignments, and how much will they contribute to our overall grade in this class?"
What is the course duration?,How long does the course last?
Are there set student hours?,Are specific hours designated for students?
How can I pass the exam of the course?,What steps should I follow to successfully complete the course exam?
What does students can do if they missed the exams?,What options are available for students who didn't attend their exams?
How much of the grade will be based on homework?,"
What percentage of the final grade does homework contribute?"
Is there any makeups for homework?,Are makeup opportunities available for homework assignments?
What are the various forms of communication we will have for this class?,What different methods of communication will be available to us throughout this course?
Where does this class meet?,Where is the location of this class?
Is the textbook optional for the course?,Can the course be completed without using the textbook?
What is the style of the final exam?,What format does the final exam take?
In what language is this course taught? ,What language is used for instruction in this course?
How much of the final grade is going to be comprised of exams?,What percentage of the overall grade will be made up by exams?
Is attendance to every lecture required?,Is it compulsory to attend all the lectures?
What percent of the grade will homework be?,How much of the overall grade does the homework make up?
When is this class offered?,In which semester is this class available?
Is COMPSCI 311 a required class to be taken before this one? ,Do I need to complete COMPSCI 311 prior to enrolling in this course?
Where can I find the required reading?,Where is the required reading located?
Which math classes are prerequisites?,What math courses are required beforehand?
Is attendance to this course mandatory?,Is it compulsory to attend this course?
How many credits are earned from completing this course?,What is the credit value assigned to this course upon completion?
What are some of the student learning objectives in this class?,What are the student learning goals for this course?
When are office hours held?,What are the scheduled times for office hours?
By whom and how many times do the candidates' observations take place?,Who conducts and how often are the candidates' observations carried out?
What is the subject matter of the course?,What topic does the course focus on?
What are the CILO's (Course Intended Learning Objectives) for this course? ,Could you tell me about the specific learning objectives intended for this course?
Can I attend TA-led Discussion Sessions in person?,Are the discussion sessions conducted by TAs available for in-person attendance?
What are the components of the final grade?,What elements contribute to the final grade?
Could you please summarize the homework and grading policies for this course?,Can you provide an overview of the course's homework rules and grading criteria?
What topics in classical electrodynamics will be covered in this class?,Which areas of classical electrodynamics are included in the curriculum for this course?
Can you give me more information regarding this course goals?,Could you provide additional details about the objectives of this course?
What if I suspect a classmate cheated on the Midterm exam?,What should I do if I have reason to believe a classmate has been dishonest on the Midterm exam?
How many pages does the paper have ?,What is the total number of pages in the document?
can i use a calculator on the midterm?,Is it permissible to utilize a calculator during the midterm exam?
How can I get extra credit?,What are the ways to earn additional credit?
What time are homework assignments due?,At what hour are homework assignments required to be submitted?
What are the components of the course grade? ,Which elements contribute to the calculation of the course grade?
Can we access the modifications to the course slides prior to each lecture?,Is it possible to view the updated course slides before each lecture?
Is there a date for the final exam?,Could you tell me if the final exam has been scheduled?
"Since I missed class last week, can I not turn in my homework today?",Can I skip submitting my homework today because I was absent from class last week?
Will the two mid-term exams in this course cover cumulative material or only the material covered since the previous exam?,"Are the mid-term exams in this course cumulative, or do they only include material introduced after each prior exam?"
What are the pre-requisites for this course?,What courses must be completed before enrolling in this course?
Do you have homework in this class and does it count towards final grade? ,"Is there any homework assigned in this class, and does it impact the final grade?"
Will class participation count towards the final grade?,"
Is class participation included in the final grade evaluation?"
Will there be homework for this course?,Is this course going to have homework assignments?
What is the prerequisite course for this class?,Which course must be taken before enrolling in this class?
"What are some examples of facilitation that violate academic integrity, and what are some examples of facilitation that are acceptable?","In what ways can facilitation breach academic integrity, and what are some permissible methods of facilitation?"
What day is the Midterm taken on?,On which date is the Midterm scheduled?
Is class attendance required for this course?,Is it mandatory to attend classes for this course?
Who is the author of the primary textbook for the class?,Who wrote the main textbook used in this class?
Does this course require math?,Is math a prerequisite for this course?
Would scoring an 84% in class be enough for a B?,Is an 84% grade sufficient to earn a B in the class?
What is the attendance policy?,Could you explain the rules regarding attendance?
When will the quizzes be given for this course?,What is the schedule for quizzes in this course?
When is the second midterm?,What date is the second midterm scheduled for?
Will lecture notes be posted before class?,Have the lecture notes already been uploaded prior to the start of class?
Can you summarize some of the student learning objectives?,What are some key objectives for student learning?
How much is the final exam worth towards the final grade? ,How much does the final exam contribute to the overall grade?
Is there a minimum threshold for passing BCH courses? ,Could you tell me if there's a specific cutoff to pass BCH classes?
What is the breakdown of how our grades are determined?,How is the calculation for our grades structured?
Is there a final exam?,Will there be a final examination?
Do I need to buy a textbook for this class?,Should I purchase a textbook for this course?
How much percentage of the questions need to be answered to get full credit for that class?,What percentage of the questions must be completed to receive full credit for that course?
Will the professor allow me to miss a class due to my religion?,Could missing a class for religious reasons be acceptable to the professor?
How will we be graded for class participation and attendance?,What is the grading system for participation and attendance in the class?
Is a textbook purchase required for the course?,Is it necessary to buy a textbook for this class?
How Many Exams do we have in this course?,What's the total number of exams scheduled for this course?
Where does this class meet each week?,What is the location for the weekly meetings of this class?
Where can I find the course reading materials?,Where are the course's reading resources located?
How many days after the homework is due will we have to submit the assignment?,By how many days can we submit the homework after its deadline?
Is this a graduate level course?,Is this course intended for graduate students?
Can students take the course online?,Are students able to enroll in the course through an online platform?
What sort of seminar assignments will there be?,What types of assignments will be given in the seminar?
What are the various requirements for a homework assignments?,What are the different criteria for completing homework assignments?
Are there any required textbooks for this class?,Must students obtain any textbooks for this course?
Did the time and date provided in the syllabus will change based on the difficulty of the subject?,Could the time and date specified in the syllabus vary depending on the subject's complexity?
Are there set office hours to meet with the instructor?,Can students meet with the instructor during designated office hours?
What are the titles of the books used in the course that can be obtained from the UMass library?  ,Which books recommended for the course are available from the UMass library?
When is the extra credit assignment due?,What is the deadline for submitting the extra credit assignment?
What format will the course materials be presented in?,In what format will the course content be delivered?
What are the times for exercise sessions?,When are the exercise sessions scheduled?
What kind of support is available for students who are struggling to understand material for an upcoming quiz?,What assistance is provided to students having difficulty comprehending content for an upcoming quiz?
Can you make up things if you miss it? ,"
If you miss something, is there an option for you to make it up?"
What percentage of our grade is homework assignments worth?,What fraction of our overall grade is attributed to homework assignments?
Could you please provide information about the grading schedule for the exam?,What details can you share regarding the exam's grading timeline?
What date will the midterm be held on?,When is the midterm scheduled?
What do I need to do anything after I register for the exam?,What actions are required after registering for the exam?
What are the guidelines that determine what is considered cheating?,What criteria are used to define cheating?
Where can students find an optional accompanying textbook for this class?,What is the location of an optional textbook that supplements this class?
"If ill, can I still receive participation credit somehow?",Can I still earn participation credit if I'm sick?
Will course readings be posted online?,Could the readings for the course be available on the internet?
"Is the course a theoretical, or applied course in blockchain topics?",Is the blockchain course focused more on theory or practical applications?
What days and time is the class held?,When does the class take place and at what time?
How many homework assignments will there be and how many points are they worth?,"What is the total number of homework assignments, and what will be the point value for each one?"
What items would be useful that are not included in the course cost?,What are some additional items recommended for the course that aren't covered by the course fee?
In which frequency does the student need to check the email?,How often should the student check their email?
What are the requirements for Candidates to be licensable?,What qualifications must candidates meet to qualify for licensure?
What percentage of my grade will be from homework assignments?,"
            How much of my overall grade is determined by homework assignments?"
I'm confused for how grading works for this class. How is my grade calculated?,How is my grade determined in this class?
When are the office hours for the class and where is the office located? ,"What time is the class's office open, and where can it be found?"
What is the purpose of course assessments?,What are course assessments designed to achieve?
How much of the final grade will each course component make up?,What percentage of the final grade is attributed to each component of the course?
Where do the readings in the class come from?,What are the sources of the class readings?
"I work weeknights from 6pm to 10pm, will that impact my ability to pass this class?",Would working from 6pm to 10pm on weeknights interfere with my chances of completing this class successfully?
"Are you eligible to file for Disability Services if you do not have a documented physical, psychological, or learning disability?","Can you apply for Disability Services without having an officially recognized physical, psychological, or learning disability?"
How does the grade for discussion group does work?,How is the grading done for discussion groups?
What are the primary topics in the course? ,What are the main subjects covered in this course?
What materials are required for the course?,What are the necessary materials for attending the course?
Can you give an example of some topics that are covered in this course?,What topics are included in this course?
How many credits is this course worth?,"
What is the credit value of this course?"
How many credits is this course worth? ,What is the credit value of this course?
"How does the score include preparedness, engagement, and contributions to class?","In what ways does the score reflect a student's preparedness, involvement, and input in class activities?"
For what reasons will I need to notify the instructor in advance?,What circumstances require prior notification to the instructor?
What are the teaching and learning activities designed to facilitate the students in the course?,What activities are implemented in the course to support students' learning and education?
What components make up the final grade for this course?,What are the elements that contribute to the final grade in this course?
How long is this course?,What is the duration of this course?
How many exams will be conducted?,What is the total number of exams scheduled to take place?
Does the course leader need to complete this?,Is it necessary for the course leader to finish this task?
Where can I get help for exam studying?,Where can I find assistance for preparing for exams?
What are the components of the final grade?,What factors make up the final grade?
Will the evaluation of the seminar instructor be half of my final grade?,Is the seminar instructor's evaluation going to count for fifty percent of my overall grade?
How many points are the homework and the exams worth each?,What is the point value for the homework assignments and each of the exams?
What are some of the key dates and logistics for the course?,Which important dates and logistical details should be noted for the course?
How much of the grade will attendance count towards?,What percentage of the grade is attributed to attendance?
How are grades determined?,What criteria are used to calculate grades?
Where can I find homework assignments?,Where should I look to access my homework assignments?
Will the final exam be comprehensive or cumulative?,Is the final exam going to cover material cumulatively or comprehensively?
What are the due dates for each of the homework problem sets?,When is each homework problem set due?
How many total sets of homework problems will there be?,What is the total number of homework problem sets assigned?
Do we have class on Thursdays?,Is there a class scheduled for Thursdays?
What will be covered on the midterm exam?,What topics will be included on the midterm exam?
How many textbooks are needed for this course?,Which textbooks are required for this course?
What electronics are permitted in class?,Which electronic devices are allowed for use during class?
Who can report the academic dishonesty?,Who is eligible to report an instance of academic dishonesty?
Could you give me details about exam conflicts and make-up exams?,What information is available regarding conflicts with exams and opportunities for make-up exams?
Can you tell me about quizzes for this course?,What can you share about the quizzes for this class?
What are the required reading materials?,What materials are mandatory for reading?
What building and room will office hours be held in?,"Where will the office hours take place, including the specific building and room number?"
What are the reasons someone can seek a makeup exam?,"
What circumstances might lead a person to request a makeup exam?"
How and by whom are our eBook and software invoiced?,"Who is responsible for invoicing our eBooks and software, and how is the process carried out?"
Will class be held on February 20th?,"
Is class scheduled for February 20th?"
What will my presentation and report generally be on?,What will be the general topic of my presentation and report?
Which course topics focus expressly on protein in cells?,What are the course subjects that specifically concentrate on proteins within cells?
How is the final grade calculated?,What is the method for determining the final grade?
Is there a required textbook for the class?,Is there a mandatory textbook for the course?
Can you tell me how grades on exams work in this course?,How are exam grades calculated in this course?
How is each section weighted for grading in this course?,What is the weight of each section in the grading criteria for this course?
Will there be more than one textbook needed for this course?,Is a single textbook sufficient for this course?
I struggle with math. Can I still pass this course?,Is it possible for me to pass this course if math is challenging for me?
How are the letter grades assigned in this course?,What is the process for assigning letter grades in this course?
Which individual grading components account for at least 20 percent of a student's grade for the course?,Which grading parts make up a minimum of 20 percent of a student's overall course grade?
What date is the final examination?,When will the final exam be held?
What building will the class be held in?,In which building is the class scheduled to take place?
"If I need extra help from the instructor, when and where would it be available?",Where and when can I reach out to the instructor for additional assistance?
How many assignments will be due in this course?,What is the total number of assignments that need to be completed for this course?
What percentage of the final grade will be based on homework assignments?,How much of the final grade is determined by homework assignments?
I have an issue with taking a mid-term exam. Should I give this timing conflict as an excuse or is it possible to take the exam at an earlier time which won't conflict with my schedule?,"Is it acceptable to use a timing conflict as an excuse, or can I reschedule my mid-term exam to an earlier date to avoid clashes with my schedule?"
Will I need the text book Biology 9th or 10th edition by Campbell and Reece?,Do I require the 9th or 10th edition of the Biology textbook by Campbell and Reece?
How do students register for the exercise sessions?,What is the procedure for students to sign up for exercise sessions?
Is attendance counted towards the grade in this class?,Does attendance contribute to the grade for this course?
Can you give me more details on what the final class project will be like and how important it will be to passing this course?,What can you tell me about the nature and significance of the final class project for successfully completing this course?
Will there be programming projects in this class?,Will this class include programming projects?
Can you tell me about the homework assignments?,Could you provide details regarding the homework assignments?
is iClicker Cloud required for successful completion of the course?,Is it necessary to use iClicker Cloud to pass the course?
What are the primary topics covered in the theory course?,What main themes are explored in the theory course?
What is the makeup policy and what if I have an excused absence? ,What is the policy regarding makeup work and how does it apply if I am absent with an excuse?
Will there be makeups if homework assignments are missed?,Are makeup opportunities available for missed homework assignments?
What communication does the discussion forum Discord allows?,What types of communication are enabled on Discord's discussion forum?
How many of the student teacher seminar meetings will I be expected to attend?,What is the required number of student teacher seminar meetings that I need to attend?
Will I be able to get help with the homework assignments from the class TA?,Can the class TA offer assistance with the homework assignments?
How should a student prepare for their placement?,What steps should a student take to get ready for their placement?
What accommodations statements have been provided in this course? ,What have been stated about accommodations in this course?
Can you tell me about how the final grade will be split up?,How will the final grade be divided up?
What is the date of the Final Exam.,When will the Final Exam be held?
Can I get a copy of the slide notes?,Could you provide me with a copy of the slide notes?
Is there a website students can go to for viewing the lectures?,Can students access any website to watch the lectures?
Can you give me a sense of kinds of cloud computing will be discussed in this course?,What types of cloud computing topics will be covered in this course?
Does this course offer extra credit?,Is there a possibility of earning extra credit in this course?
Does this course require me to write a paper?,Is writing a paper a requirement for this course?
"What are the required assignments for the course, besides the weekly assignments?",What assignments are necessary for the course in addition to the weekly tasks?
How many exams does the course have?,What is the number of exams conducted in the course?
"I've heard about the exercise sessions in this course, can you explain what those are?",Could you please clarify what the exercise sessions in this course entail?
Am I required to purchase a textbook for this course?,Do I need to buy a textbook for this class?
What are the specifics of the exams?,What details can you provide about the exams?
Will there be a midterm exam for this course?,Is a midterm exam scheduled for this course?
Do we get the announced post through email?,"
Is the announced post sent to us via email?"
Will there be lectures on Tuesdays?,Are lectures scheduled for Tuesdays?
How can students get full credit in Weekly Discussion Questions on BBL and how much is it?,"What steps must students take to earn full credit for the Weekly Discussion Questions on BBL, and what percentage of their grade do these discussions represent?"
Are the discussion sections required for this course?,Do I have to attend the discussion sections for this course?
Can I get extra credit that will count towards the exam?,Is it possible to receive additional credit that will be applicable to the exam?
What can I use Moodle for and how frequently should I check it if its a course requirement? ,"How should I utilize Moodle, and how often should I review it if it's required for my course?"
Are there any readings that are additional to the coursework? ,Could you tell me if there are any extra readings beyond the required coursework?
How can the course be described?,In what way can the course be characterized?
"I don't really know what game theory is, can you give me a summary of what we do in this course?","What is game theory, and could you give me an overview of the course content?"
What are the benefits that students can gain from this course?,What advantages do students obtain from taking this course?
Is this a graduate level course in cryptography?,Is this cryptography course intended for graduate students?
What should be done if accommodations are needed?,"
How can one proceed when accommodations are necessary?"
When and where are office hours?,What is the schedule and location for office hours?
Can you explain to me how the final score will be calculated?,How will the final score be determined?
Why can I not serve as a substitute teacher while I'm taking this course?,Why am I prohibited from being a substitute teacher during my enrollment in this course?
Could you please provide more information on the exams for this course?,Can you give additional details about the examinations in this course?
How much homework assignments does each will be assigned?,How many homework assignments are assigned to each person?
Will the course be conducted online via Zoom?,Is this course going to be held on Zoom as an online session?
Where are office hours located?,Where can I find the location for office hours?
When is the first seminar instruction meeting for the course held?,On what date is the initial seminar instruction session for the course scheduled?
How often are the quizzes?,How frequently are the quizzes held?
What kinds of things constitute academic dishonesty?,What activities are considered academic dishonesty?
What Student Learning Accommodations are available?,What accommodations are offered to students for learning?
"Where is the professor's office located, and what are the office hours?",Could you tell me the location of the professor's office and the office hours?
What are the required materials for this course?,What materials do I need for the course?
When are the TA Help Sessions?,What days and times are the TA Help Sessions scheduled?
When and where Professor office hours are held?,What are the schedule and location for Professor office hours?
Do I need to purchase a textbook for this course?,Is it necessary to buy a textbook for this class?
When does the two examinations will be held for grading?,What are the dates for the two grading examinations?
Do students have to wear a mask to meet during office hours?,Are students required to wear masks when attending office hours?
Can I do the exam without registering?,Can I take the exam if I'm not registered?
How many total assignments will there be?,What is the total number of assignments?
What is the credit hours for the course computational methods in envirounmental engineering?,What are the credit hours assigned to the Computational Methods in Environmental Engineering course?
Does this course have a final exam?,Is there a final exam in this course?
Will a students lowest homework score in the class be dropped to make up for excused absences?,Is the smallest homework score a student receives dropped to account for excused absences?
What kind of calculator is recommeded for this class?,What type of calculator should I use in this class?
What are the administrative details about this course?,What are the administrative aspects of this course?
How does the midterm and final exam will be conducted?,How will the midterm and final exams be administered?
How do homework assignments work?,How are homework assignments handled?
"For this course, how many exams are there?",How many exams does this course include?
How much would a leaf copy cost if we were thinking about purchasing one?,What would the price be if we decided to buy a leaf copy?
Am I required to purchase a textbook for this class?,Do I need to buy a textbook for this course?
What are the detail on the exams for this course?,What specific information is available about the exams in this course?
Will I be penalized for lateness if I complete a quiz at 7 PM Friday that was assigned earlier that week?,"
If I finish a quiz at 7 PM on Friday that was assigned earlier in the week, will there be a penalty for being late?"
When is the midterm exam?,What date is the midterm exam scheduled for?
Does this professor have normal office hours on Fridays?,Are this professor's office hours scheduled as usual on Fridays?
What will this form  be used for?,For what purpose will this form be utilized?
Are calculators allowed during exams?,Are students permitted to use calculators in examinations?
Are your office hours on the same day as the class?,Do your office hours occur on the same days the class is scheduled?
On what dates will the midterm and final exams be held?,When are the midterm and final exams scheduled?
Are there classes on Fridays?,Do classes take place on Fridays?
How many homework assignments will there be?,"
What is the number of homework assignments that will be given?"
"Will TA-led Discussion Sessions be available through Zoom?
",Can we attend TA-led Discussion Sessions via Zoom?
How will moodle be used?,In what ways will moodle be utilized?
Will we need to access a Moodle page to obtain class materials?,Do we have to visit a Moodle page to acquire the class materials?
Is it mandatory to attend the lectures?,Are the lectures compulsory to attend?
How does the supervising practitioner interact with the student teacher?,In what ways does the supervising practitioner engage with the student teacher?
What criteria must be met in order to obtain a DESE license?,What are the requirements for acquiring a DESE license?
What are the course assignments?,What assignments are included in the course?
"After completing the course, what should students be able to articulate regarding interaction as it relates to biological systems?",What concepts about interaction in biological systems should students be able to describe after finishing the course?
How the reform proposal is presented ?,How is the reform proposal being introduced?
What are the section tabs for the Music Field Experience Binder?,What tabs are included in the Music Field Experience Binder sections?
Is this a required course for Biology majors? ,Is this course mandatory for students majoring in Biology?
Whether or not this course requires attendance?,Is attendance mandatory for this course?
What are the exercise sessions and what are their requirements?,"What are the requirements for the exercise sessions, and what do they entail?"
"What are the names of the two websites, or technology platforms required to access course materials?",Which two websites or technology platforms are necessary for accessing course materials?
Is Discord required for the class?,Is it necessary to have Discord for the class?
Could you tell me about the exams in this course?,Could you provide details about the exams for this course?
What's on the course schedule for January?,What is planned on the course schedule for January?
Are calculators permitted during exams?,Are students allowed to use calculators in exams?
Where can I find recordings of every lecture?,Where are all the lecture recordings available?
Is the course the introductory biology required for the biology majors?,Is the introductory biology course a prerequisite for biology majors?
What is TMSIDK Data analysis project?,What does the TMSIDK Data analysis project entail?
Will we be using TopHat in this class?,Are we going to use TopHat during this class?
How will I know whether my prerequisite course performance is sufficient enough to enroll in this course?,How can I determine if my performance in prerequisite courses is adequate to enroll in this course?
Will we use Python in this course?,Are we going to utilize Python during this course?
How has the COVID-19 pandemic impacted this course?,In what ways has this course been affected by the COVID-19 pandemic?
What date does the seminar meetings begin?,When do the seminar meetings start?
Will we use Moodle for this course?,Are we going to utilize Moodle in this course?
Where is the Writing Center?,What is the location of the Writing Center?
On what dates are the seminar meetings held?,What are the specific dates for the seminar meetings?
What are the academic dishonesty statement? ,What does the academic dishonesty statement include?
